invoice_id,profile,document
FX-590023,Factur-X / ZUGFeRD,"<rsm:CrossIndustryInvoice xmlns:rsm=""urn:un:unece:uncefact:data:standard:CrossIndustryInvoice:100""><rsm:ExchangedDocument><ram:ID>FX-590023</ram:ID><ram:TypeCode>380</ram:TypeCode><ram:IssueDateTime><udt:DateTimeString format=""102"">20260101</udt:DateTimeString></ram:IssueDateTime></rsm:ExchangedDocument><rsm:SupplyChainTradeTransaction><ram:ApplicableHeaderTradeSettlement><ram:InvoiceCurrencyCode>EUR</ram:InvoiceCurrencyCode><ram:SpecifiedTradeSettlementHeaderMonetarySummation><ram:GrandTotalAmount>100.00</ram:GrandTotalAmount></ram:SpecifiedTradeSettlementHeaderMonetarySummation></ram:ApplicableHeaderTradeSettlement></rsm:SupplyChainTradeTransaction></rsm:CrossIndustryInvoice>"
FX-995093,Factur-X / ZUGFeRD,"<rsm:CrossIndustryInvoice xmlns:rsm=""urn:un:unece:uncefact:data:standard:CrossIndustryInvoice:100""><rsm:ExchangedDocument><ram:ID>FX-995093</ram:ID><ram:TypeCode>380</ram:TypeCode><ram:IssueDateTime><udt:DateTimeString format=""102"">20260101</udt:DateTimeString></ram:IssueDateTime></rsm:ExchangedDocument><rsm:SupplyChainTradeTransaction><ram:ApplicableHeaderTradeSettlement><ram:InvoiceCurrencyCode>EUR</ram:InvoiceCurrencyCode><ram:SpecifiedTradeSettlementHeaderMonetarySummation><ram:GrandTotalAmount>100.00</ram:GrandTotalAmount></ram:SpecifiedTradeSettlementHeaderMonetarySummation></ram:ApplicableHeaderTradeSettlement></rsm:SupplyChainTradeTransaction></rsm:CrossIndustryInvoice>"
FX-571852,Factur-X / ZUGFeRD,"<rsm:CrossIndustryInvoice xmlns:rsm=""urn:un:unece:uncefact:data:standard:CrossIndustryInvoice:100""><rsm:ExchangedDocument><ram:ID>FX-571852</ram:ID><ram:TypeCode>380</ram:TypeCode><ram:IssueDateTime><udt:DateTimeString format=""102"">20260101</udt:DateTimeString></ram:IssueDateTime></rsm:ExchangedDocument><rsm:SupplyChainTradeTransaction><ram:ApplicableHeaderTradeSettlement><ram:InvoiceCurrencyCode>EUR</ram:InvoiceCurrencyCode><ram:SpecifiedTradeSettlementHeaderMonetarySummation><ram:GrandTotalAmount>100.00</ram:GrandTotalAmount></ram:SpecifiedTradeSettlementHeaderMonetarySummation></ram:ApplicableHeaderTradeSettlement></rsm:SupplyChainTradeTransaction></rsm:CrossIndustryInvoice>"
FX-275359,Factur-X / ZUGFeRD,"<rsm:CrossIndustryInvoice xmlns:rsm=""urn:un:unece:uncefact:data:standard:CrossIndustryInvoice:100""><rsm:ExchangedDocument><ram:ID>FX-275359</ram:ID><ram:TypeCode>380</ram:TypeCode><ram:IssueDateTime><udt:DateTimeString format=""102"">20260101</udt:DateTimeString></ram:IssueDateTime></rsm:ExchangedDocument><rsm:SupplyChainTradeTransaction><ram:ApplicableHeaderTradeSettlement><ram:InvoiceCurrencyCode>EUR</ram:InvoiceCurrencyCode><ram:SpecifiedTradeSettlementHeaderMonetarySummation><ram:GrandTotalAmount>100.00</ram:GrandTotalAmount></ram:SpecifiedTradeSettlementHeaderMonetarySummation></ram:ApplicableHeaderTradeSettlement></rsm:SupplyChainTradeTransaction></rsm:CrossIndustryInvoice>"
FX-205926,Factur-X / ZUGFeRD,"<rsm:CrossIndustryInvoice xmlns:rsm=""urn:un:unece:uncefact:data:standard:CrossIndustryInvoice:100""><rsm:ExchangedDocument><ram:ID>FX-205926</ram:ID><ram:TypeCode>380</ram:TypeCode><ram:IssueDateTime><udt:DateTimeString format=""102"">20260101</udt:DateTimeString></ram:IssueDateTime></rsm:ExchangedDocument><rsm:SupplyChainTradeTransaction><ram:ApplicableHeaderTradeSettlement><ram:InvoiceCurrencyCode>EUR</ram:InvoiceCurrencyCode><ram:SpecifiedTradeSettlementHeaderMonetarySummation><ram:GrandTotalAmount>100.00</ram:GrandTotalAmount></ram:SpecifiedTradeSettlementHeaderMonetarySummation></ram:ApplicableHeaderTradeSettlement></rsm:SupplyChainTradeTransaction></rsm:CrossIndustryInvoice>"
FX-776839,Factur-X / ZUGFeRD,"<rsm:CrossIndustryInvoice xmlns:rsm=""urn:un:unece:uncefact:data:standard:CrossIndustryInvoice:100""><rsm:ExchangedDocument><ram:ID>FX-776839</ram:ID><ram:TypeCode>380</ram:TypeCode><ram:IssueDateTime><udt:DateTimeString format=""102"">20260101</udt:DateTimeString></ram:IssueDateTime></rsm:ExchangedDocument><rsm:SupplyChainTradeTransaction><ram:ApplicableHeaderTradeSettlement><ram:InvoiceCurrencyCode>EUR</ram:InvoiceCurrencyCode><ram:SpecifiedTradeSettlementHeaderMonetarySummation><ram:GrandTotalAmount>100.00</ram:GrandTotalAmount></ram:SpecifiedTradeSettlementHeaderMonetarySummation></ram:ApplicableHeaderTradeSettlement></rsm:SupplyChainTradeTransaction></rsm:CrossIndustryInvoice>"
FX-939775,Factur-X / ZUGFeRD,"<rsm:CrossIndustryInvoice xmlns:rsm=""urn:un:unece:uncefact:data:standard:CrossIndustryInvoice:100""><rsm:ExchangedDocument><ram:ID>FX-939775</ram:ID><ram:TypeCode>380</ram:TypeCode><ram:IssueDateTime><udt:DateTimeString format=""102"">20260101</udt:DateTimeString></ram:IssueDateTime></rsm:ExchangedDocument><rsm:SupplyChainTradeTransaction><ram:ApplicableHeaderTradeSettlement><ram:InvoiceCurrencyCode>EUR</ram:InvoiceCurrencyCode><ram:SpecifiedTradeSettlementHeaderMonetarySummation><ram:GrandTotalAmount>100.00</ram:GrandTotalAmount></ram:SpecifiedTradeSettlementHeaderMonetarySummation></ram:ApplicableHeaderTradeSettlement></rsm:SupplyChainTradeTransaction></rsm:CrossIndustryInvoice>"
FX-280705,Factur-X / ZUGFeRD,"<rsm:CrossIndustryInvoice xmlns:rsm=""urn:un:unece:uncefact:data:standard:CrossIndustryInvoice:100""><rsm:ExchangedDocument><ram:ID>FX-280705</ram:ID><ram:TypeCode>380</ram:TypeCode><ram:IssueDateTime><udt:DateTimeString format=""102"">20260101</udt:DateTimeString></ram:IssueDateTime></rsm:ExchangedDocument><rsm:SupplyChainTradeTransaction><ram:ApplicableHeaderTradeSettlement><ram:InvoiceCurrencyCode>EUR</ram:InvoiceCurrencyCode><ram:SpecifiedTradeSettlementHeaderMonetarySummation><ram:GrandTotalAmount>100.00</ram:GrandTotalAmount></ram:SpecifiedTradeSettlementHeaderMonetarySummation></ram:ApplicableHeaderTradeSettlement></rsm:SupplyChainTradeTransaction></rsm:CrossIndustryInvoice>"
FX-056401,Factur-X / ZUGFeRD,"<rsm:CrossIndustryInvoice xmlns:rsm=""urn:un:unece:uncefact:data:standard:CrossIndustryInvoice:100""><rsm:ExchangedDocument><ram:ID>FX-056401</ram:ID><ram:TypeCode>380</ram:TypeCode><ram:IssueDateTime><udt:DateTimeString format=""102"">20260101</udt:DateTimeString></ram:IssueDateTime></rsm:ExchangedDocument><rsm:SupplyChainTradeTransaction><ram:ApplicableHeaderTradeSettlement><ram:InvoiceCurrencyCode>EUR</ram:InvoiceCurrencyCode><ram:SpecifiedTradeSettlementHeaderMonetarySummation><ram:GrandTotalAmount>100.00</ram:GrandTotalAmount></ram:SpecifiedTradeSettlementHeaderMonetarySummation></ram:ApplicableHeaderTradeSettlement></rsm:SupplyChainTradeTransaction></rsm:CrossIndustryInvoice>"
FX-038159,Factur-X / ZUGFeRD,"<rsm:CrossIndustryInvoice xmlns:rsm=""urn:un:unece:uncefact:data:standard:CrossIndustryInvoice:100""><rsm:ExchangedDocument><ram:ID>FX-038159</ram:ID><ram:TypeCode>380</ram:TypeCode><ram:IssueDateTime><udt:DateTimeString format=""102"">20260101</udt:DateTimeString></ram:IssueDateTime></rsm:ExchangedDocument><rsm:SupplyChainTradeTransaction><ram:ApplicableHeaderTradeSettlement><ram:InvoiceCurrencyCode>EUR</ram:InvoiceCurrencyCode><ram:SpecifiedTradeSettlementHeaderMonetarySummation><ram:GrandTotalAmount>100.00</ram:GrandTotalAmount></ram:SpecifiedTradeSettlementHeaderMonetarySummation></ram:ApplicableHeaderTradeSettlement></rsm:SupplyChainTradeTransaction></rsm:CrossIndustryInvoice>"
FX-471162,Factur-X / ZUGFeRD,"<rsm:CrossIndustryInvoice xmlns:rsm=""urn:un:unece:uncefact:data:standard:CrossIndustryInvoice:100""><rsm:ExchangedDocument><ram:ID>FX-471162</ram:ID><ram:TypeCode>380</ram:TypeCode><ram:IssueDateTime><udt:DateTimeString format=""102"">20260101</udt:DateTimeString></ram:IssueDateTime></rsm:ExchangedDocument><rsm:SupplyChainTradeTransaction><ram:ApplicableHeaderTradeSettlement><ram:InvoiceCurrencyCode>EUR</ram:InvoiceCurrencyCode><ram:SpecifiedTradeSettlementHeaderMonetarySummation><ram:GrandTotalAmount>100.00</ram:GrandTotalAmount></ram:SpecifiedTradeSettlementHeaderMonetarySummation></ram:ApplicableHeaderTradeSettlement></rsm:SupplyChainTradeTransaction></rsm:CrossIndustryInvoice>"
FX-753547,Factur-X / ZUGFeRD,"<rsm:CrossIndustryInvoice xmlns:rsm=""urn:un:unece:uncefact:data:standard:CrossIndustryInvoice:100""><rsm:ExchangedDocument><ram:ID>FX-753547</ram:ID><ram:TypeCode>380</ram:TypeCode><ram:IssueDateTime><udt:DateTimeString format=""102"">20260101</udt:DateTimeString></ram:IssueDateTime></rsm:ExchangedDocument><rsm:SupplyChainTradeTransaction><ram:ApplicableHeaderTradeSettlement><ram:InvoiceCurrencyCode>EUR</ram:InvoiceCurrencyCode><ram:SpecifiedTradeSettlementHeaderMonetarySummation><ram:GrandTotalAmount>100.00</ram:GrandTotalAmount></ram:SpecifiedTradeSettlementHeaderMonetarySummation></ram:ApplicableHeaderTradeSettlement></rsm:SupplyChainTradeTransaction></rsm:CrossIndustryInvoice>"
FX-045153,Factur-X / ZUGFeRD,"<rsm:CrossIndustryInvoice xmlns:rsm=""urn:un:unece:uncefact:data:standard:CrossIndustryInvoice:100""><rsm:ExchangedDocument><ram:ID>FX-045153</ram:ID><ram:TypeCode>380</ram:TypeCode><ram:IssueDateTime><udt:DateTimeString format=""102"">20260101</udt:DateTimeString></ram:IssueDateTime></rsm:ExchangedDocument><rsm:SupplyChainTradeTransaction><ram:ApplicableHeaderTradeSettlement><ram:InvoiceCurrencyCode>EUR</ram:InvoiceCurrencyCode><ram:SpecifiedTradeSettlementHeaderMonetarySummation><ram:GrandTotalAmount>100.00</ram:GrandTotalAmount></ram:SpecifiedTradeSettlementHeaderMonetarySummation></ram:ApplicableHeaderTradeSettlement></rsm:SupplyChainTradeTransaction></rsm:CrossIndustryInvoice>"
FX-549387,Factur-X / ZUGFeRD,"<rsm:CrossIndustryInvoice xmlns:rsm=""urn:un:unece:uncefact:data:standard:CrossIndustryInvoice:100""><rsm:ExchangedDocument><ram:ID>FX-549387</ram:ID><ram:TypeCode>380</ram:TypeCode><ram:IssueDateTime><udt:DateTimeString format=""102"">20260101</udt:DateTimeString></ram:IssueDateTime></rsm:ExchangedDocument><rsm:SupplyChainTradeTransaction><ram:ApplicableHeaderTradeSettlement><ram:InvoiceCurrencyCode>EUR</ram:InvoiceCurrencyCode><ram:SpecifiedTradeSettlementHeaderMonetarySummation><ram:GrandTotalAmount>100.00</ram:GrandTotalAmount></ram:SpecifiedTradeSettlementHeaderMonetarySummation></ram:ApplicableHeaderTradeSettlement></rsm:SupplyChainTradeTransaction></rsm:CrossIndustryInvoice>"
FX-722681,Factur-X / ZUGFeRD,"<rsm:CrossIndustryInvoice xmlns:rsm=""urn:un:unece:uncefact:data:standard:CrossIndustryInvoice:100""><rsm:ExchangedDocument><ram:ID>FX-722681</ram:ID><ram:TypeCode>380</ram:TypeCode><ram:IssueDateTime><udt:DateTimeString format=""102"">20260101</udt:DateTimeString></ram:IssueDateTime></rsm:ExchangedDocument><rsm:SupplyChainTradeTransaction><ram:ApplicableHeaderTradeSettlement><ram:InvoiceCurrencyCode>EUR</ram:InvoiceCurrencyCode><ram:SpecifiedTradeSettlementHeaderMonetarySummation><ram:GrandTotalAmount>100.00</ram:GrandTotalAmount></ram:SpecifiedTradeSettlementHeaderMonetarySummation></ram:ApplicableHeaderTradeSettlement></rsm:SupplyChainTradeTransaction></rsm:CrossIndustryInvoice>"
FX-418467,Factur-X / ZUGFeRD,"<rsm:CrossIndustryInvoice xmlns:rsm=""urn:un:unece:uncefact:data:standard:CrossIndustryInvoice:100""><rsm:ExchangedDocument><ram:ID>FX-418467</ram:ID><ram:TypeCode>380</ram:TypeCode><ram:IssueDateTime><udt:DateTimeString format=""102"">20260101</udt:DateTimeString></ram:IssueDateTime></rsm:ExchangedDocument><rsm:SupplyChainTradeTransaction><ram:ApplicableHeaderTradeSettlement><ram:InvoiceCurrencyCode>EUR</ram:InvoiceCurrencyCode><ram:SpecifiedTradeSettlementHeaderMonetarySummation><ram:GrandTotalAmount>100.00</ram:GrandTotalAmount></ram:SpecifiedTradeSettlementHeaderMonetarySummation></ram:ApplicableHeaderTradeSettlement></rsm:SupplyChainTradeTransaction></rsm:CrossIndustryInvoice>"
FX-597691,Factur-X / ZUGFeRD,"<rsm:CrossIndustryInvoice xmlns:rsm=""urn:un:unece:uncefact:data:standard:CrossIndustryInvoice:100""><rsm:ExchangedDocument><ram:ID>FX-597691</ram:ID><ram:TypeCode>380</ram:TypeCode><ram:IssueDateTime><udt:DateTimeString format=""102"">20260101</udt:DateTimeString></ram:IssueDateTime></rsm:ExchangedDocument><rsm:SupplyChainTradeTransaction><ram:ApplicableHeaderTradeSettlement><ram:InvoiceCurrencyCode>EUR</ram:InvoiceCurrencyCode><ram:SpecifiedTradeSettlementHeaderMonetarySummation><ram:GrandTotalAmount>100.00</ram:GrandTotalAmount></ram:SpecifiedTradeSettlementHeaderMonetarySummation></ram:ApplicableHeaderTradeSettlement></rsm:SupplyChainTradeTransaction></rsm:CrossIndustryInvoice>"
FX-812054,Factur-X / ZUGFeRD,"<rsm:CrossIndustryInvoice xmlns:rsm=""urn:un:unece:uncefact:data:standard:CrossIndustryInvoice:100""><rsm:ExchangedDocument><ram:ID>FX-812054</ram:ID><ram:TypeCode>380</ram:TypeCode><ram:IssueDateTime><udt:DateTimeString format=""102"">20260101</udt:DateTimeString></ram:IssueDateTime></rsm:ExchangedDocument><rsm:SupplyChainTradeTransaction><ram:ApplicableHeaderTradeSettlement><ram:InvoiceCurrencyCode>EUR</ram:InvoiceCurrencyCode><ram:SpecifiedTradeSettlementHeaderMonetarySummation><ram:GrandTotalAmount>100.00</ram:GrandTotalAmount></ram:SpecifiedTradeSettlementHeaderMonetarySummation></ram:ApplicableHeaderTradeSettlement></rsm:SupplyChainTradeTransaction></rsm:CrossIndustryInvoice>"
FX-073175,Factur-X / ZUGFeRD,"<rsm:CrossIndustryInvoice xmlns:rsm=""urn:un:unece:uncefact:data:standard:CrossIndustryInvoice:100""><rsm:ExchangedDocument><ram:ID>FX-073175</ram:ID><ram:TypeCode>380</ram:TypeCode><ram:IssueDateTime><udt:DateTimeString format=""102"">20260101</udt:DateTimeString></ram:IssueDateTime></rsm:ExchangedDocument><rsm:SupplyChainTradeTransaction><ram:ApplicableHeaderTradeSettlement><ram:InvoiceCurrencyCode>EUR</ram:InvoiceCurrencyCode><ram:SpecifiedTradeSettlementHeaderMonetarySummation><ram:GrandTotalAmount>100.00</ram:GrandTotalAmount></ram:SpecifiedTradeSettlementHeaderMonetarySummation></ram:ApplicableHeaderTradeSettlement></rsm:SupplyChainTradeTransaction></rsm:CrossIndustryInvoice>"
FX-131824,Factur-X / ZUGFeRD,"<rsm:CrossIndustryInvoice xmlns:rsm=""urn:un:unece:uncefact:data:standard:CrossIndustryInvoice:100""><rsm:ExchangedDocument><ram:ID>FX-131824</ram:ID><ram:TypeCode>380</ram:TypeCode><ram:IssueDateTime><udt:DateTimeString format=""102"">20260101</udt:DateTimeString></ram:IssueDateTime></rsm:ExchangedDocument><rsm:SupplyChainTradeTransaction><ram:ApplicableHeaderTradeSettlement><ram:InvoiceCurrencyCode>EUR</ram:InvoiceCurrencyCode><ram:SpecifiedTradeSettlementHeaderMonetarySummation><ram:GrandTotalAmount>100.00</ram:GrandTotalAmount></ram:SpecifiedTradeSettlementHeaderMonetarySummation></ram:ApplicableHeaderTradeSettlement></rsm:SupplyChainTradeTransaction></rsm:CrossIndustryInvoice>"
FX-127647,Factur-X / ZUGFeRD,"<rsm:CrossIndustryInvoice xmlns:rsm=""urn:un:unece:uncefact:data:standard:CrossIndustryInvoice:100""><rsm:ExchangedDocument><ram:ID>FX-127647</ram:ID><ram:TypeCode>380</ram:TypeCode><ram:IssueDateTime><udt:DateTimeString format=""102"">20260101</udt:DateTimeString></ram:IssueDateTime></rsm:ExchangedDocument><rsm:SupplyChainTradeTransaction><ram:ApplicableHeaderTradeSettlement><ram:InvoiceCurrencyCode>EUR</ram:InvoiceCurrencyCode><ram:SpecifiedTradeSettlementHeaderMonetarySummation><ram:GrandTotalAmount>100.00</ram:GrandTotalAmount></ram:SpecifiedTradeSettlementHeaderMonetarySummation></ram:ApplicableHeaderTradeSettlement></rsm:SupplyChainTradeTransaction></rsm:CrossIndustryInvoice>"
FX-473403,Factur-X / ZUGFeRD,"<rsm:CrossIndustryInvoice xmlns:rsm=""urn:un:unece:uncefact:data:standard:CrossIndustryInvoice:100""><rsm:ExchangedDocument><ram:ID>FX-473403</ram:ID><ram:TypeCode>380</ram:TypeCode><ram:IssueDateTime><udt:DateTimeString format=""102"">20260101</udt:DateTimeString></ram:IssueDateTime></rsm:ExchangedDocument><rsm:SupplyChainTradeTransaction><ram:ApplicableHeaderTradeSettlement><ram:InvoiceCurrencyCode>EUR</ram:InvoiceCurrencyCode><ram:SpecifiedTradeSettlementHeaderMonetarySummation><ram:GrandTotalAmount>100.00</ram:GrandTotalAmount></ram:SpecifiedTradeSettlementHeaderMonetarySummation></ram:ApplicableHeaderTradeSettlement></rsm:SupplyChainTradeTransaction></rsm:CrossIndustryInvoice>"
FX-460392,Factur-X / ZUGFeRD,"<rsm:CrossIndustryInvoice xmlns:rsm=""urn:un:unece:uncefact:data:standard:CrossIndustryInvoice:100""><rsm:ExchangedDocument><ram:ID>FX-460392</ram:ID><ram:TypeCode>380</ram:TypeCode><ram:IssueDateTime><udt:DateTimeString format=""102"">20260101</udt:DateTimeString></ram:IssueDateTime></rsm:ExchangedDocument><rsm:SupplyChainTradeTransaction><ram:ApplicableHeaderTradeSettlement><ram:InvoiceCurrencyCode>EUR</ram:InvoiceCurrencyCode><ram:SpecifiedTradeSettlementHeaderMonetarySummation><ram:GrandTotalAmount>100.00</ram:GrandTotalAmount></ram:SpecifiedTradeSettlementHeaderMonetarySummation></ram:ApplicableHeaderTradeSettlement></rsm:SupplyChainTradeTransaction></rsm:CrossIndustryInvoice>"
FX-253790,Factur-X / ZUGFeRD,"<rsm:CrossIndustryInvoice xmlns:rsm=""urn:un:unece:uncefact:data:standard:CrossIndustryInvoice:100""><rsm:ExchangedDocument><ram:ID>FX-253790</ram:ID><ram:TypeCode>380</ram:TypeCode><ram:IssueDateTime><udt:DateTimeString format=""102"">20260101</udt:DateTimeString></ram:IssueDateTime></rsm:ExchangedDocument><rsm:SupplyChainTradeTransaction><ram:ApplicableHeaderTradeSettlement><ram:InvoiceCurrencyCode>EUR</ram:InvoiceCurrencyCode><ram:SpecifiedTradeSettlementHeaderMonetarySummation><ram:GrandTotalAmount>100.00</ram:GrandTotalAmount></ram:SpecifiedTradeSettlementHeaderMonetarySummation></ram:ApplicableHeaderTradeSettlement></rsm:SupplyChainTradeTransaction></rsm:CrossIndustryInvoice>"
FX-454397,Factur-X / ZUGFeRD,"<rsm:CrossIndustryInvoice xmlns:rsm=""urn:un:unece:uncefact:data:standard:CrossIndustryInvoice:100""><rsm:ExchangedDocument><ram:ID>FX-454397</ram:ID><ram:TypeCode>380</ram:TypeCode><ram:IssueDateTime><udt:DateTimeString format=""102"">20260101</udt:DateTimeString></ram:IssueDateTime></rsm:ExchangedDocument><rsm:SupplyChainTradeTransaction><ram:ApplicableHeaderTradeSettlement><ram:InvoiceCurrencyCode>EUR</ram:InvoiceCurrencyCode><ram:SpecifiedTradeSettlementHeaderMonetarySummation><ram:GrandTotalAmount>100.00</ram:GrandTotalAmount></ram:SpecifiedTradeSettlementHeaderMonetarySummation></ram:ApplicableHeaderTradeSettlement></rsm:SupplyChainTradeTransaction></rsm:CrossIndustryInvoice>"
